<?xml version="1.0" encoding="utf-8"?>
<theme id="commu" name="Community">
<char id="knucks" name="Knuckles" thumb="knucks.swf" facing="left" default="knucks.swf" motion="knuckwalk.swf" enable="N">
<action id="knucks.swf" name="Stand" loop="Y" totalframe="3"/>
<motion id="knuckswalk.swf" name="Walk" loop="Y" totalframe="3"/>
<motion id="knuckspin.swf" name="Spinball" loop="Y" totalframe="3"/>
<action id="knuckspindash.swf" name="Spindash" loop="Y" totalframe="3"/>
<action id="knuckspindashnodust.swf" name="Spindash (No Dust)" loop="Y" totalframe="3"/>
</char>
<char id="ios" name="IOS" thumb="ios.swf" facing="left" default="ios.swf" motion="ios.swf" enable="Y" is_premium="N" aid="237" money="0" sharing="0">
    <action aid="6928" enable="Y" name="Be a phone" id="ios.swf" totalframe="1" loop="Y"/>
  </char>
  <char id="android" name="Android" thumb="android.swf" facing="left" default="android.swf" motion="android.swf" enable="Y" is_premium="N" aid="237" money="0" sharing="0">
    <action aid="6928" enable="Y" name="Be a phone" id="android.swf" totalframe="1" loop="Y"/>
  </char>
<char id="sonicflash" name="Sonic the Hedgehog" thumb="stand.swf" facing="left" default="stand.swf" motion="runalt2.swf" enable="Y">
<action id="chilidog.swf" name="Eat a Chilidog" loop="N" totalframe="3"/>
<category name="Motion">
<motion id="run.swf" name="Run" loop="Y" totalframe="16"/>
<motion id="alsorun.swf" name="Walk" loop="Y" totalframe="18"/>
<motion id="runalt2.swf" name="Run Alt." loop="Y" totalframe="20"/>
<action id="intospinball.swf" name="Into spinball" loop="N" totalframe="44"/>
<motion id="spinball.swf" name="Spinball" loop="Y" totalframe="44"/>
<action id="spindash.swf" name="Spindash" loop="Y" totalframe="44"/>
<action id="spindashnodust.swf" name="Spindash (No Dust)" loop="Y" totalframe="44"/>
<action id="takeoff.swf" name="Take off!" loop="N" totalframe="44"/>
<action id="quickertakeoff.swf" name="Take off! (Faster)" loop="N" totalframe="44"/>
<action id="skid.swf" name="Skid" loop="N" totalframe="44"/>
</category>
<action id="stand.swf" name="Stand" loop="Y" totalframe="2"/>
<category name="Fight">
<action id="kick.swf" name="Kick" loop="Y" totalframe="4"/>
<action id="punch.swf" name="Punch" loop="Y" totalframe="44"/>
</category>
<category name="Emotions">
<action id="idle.swf" name="Waiting..." loop="Y" totalframe="4"/>
<action id="talk.swf" name="Talk" loop="Y" totalframe="4"/>
<action id="angrytalk.swf" name="Talk Angry" loop="Y" totalframe="80"/>
<action id="laugh.swf" name="Laugh" loop="Y" totalframe="70"/>
<action id="victory.swf" name="Victory Pose" loop="N" totalframe="44"/>
<action id="taunt.swf" name="Taunt" loop="Y" totalframe="44"/>
</category>
<category name="Super Sonic">
<action id="transform.swf" name="Transform" loop="N" totalframe="45"/>
<action id="supermove.swf" name="Hover" loop="Y" totalframe="45"/>
<action id="backtonormal.swf" name="Revert" loop="Y" totalframe="44"/>
</category>
</char>
  <char id="happybunny" name="Happy Bunny" thumb="stand.swf" facing="left" default="stand.swf" motion="move.swf" enable="Y" is_premium="N" aid="237" money="0" sharing="0">
    <action id="stand.swf" name="Stand" loop="Y" totalframe="1" enable="Y" aid="238"/>
    <motion id="move.swf" name="Walk" loop="Y" totalframe="1" enable="Y" aid="239"/>
    <action id="guitar.swf" name="Play guitar" loop="Y" totalframe="1" enable="Y" aid="240"/>
    <action id="butt.swf" name="Show behind" loop="Y" totalframe="1" enable="Y" aid="241"/>
    <action id="toot.swf" name="Fart" loop="Y" totalframe="1" enable="Y" aid="242"/>
    <action id="unkown.swf" name="Hammer" loop="Y" totalframe="1" enable="Y" aid="243"/>
    <action id="pleased.swf" name="Amused" loop="Y" totalframe="1" enable="Y" aid="244"/>
    <action id="dance.swf" name="Dance" loop="Y" totalframe="1" enable="Y" aid="245"/>
    <action id="taunt.swf" name="Taunt" loop="Y" totalframe="1" enable="Y" aid="246"/>
    <action id="altbutt.swf" name="Spraypaint" loop="Y" totalframe="1" enable="Y" aid="247"/>
  </char>
  <char id="gipsy" name="Gipsy" thumb="walk.swf" facing="left" default="laugh.swf" motion="walk.swf" enable="Y" is_premium="N" aid="237" money="0" sharing="0">
    <action id="laugh.swf" name="Laugh" loop="Y" totalframe="1" enable="Y" aid="238"/>
    <motion id="walk.swf" name="Walk" loop="Y" totalframe="1" enable="Y" aid="239"/>
    <action id="drool.swf" name="Drool" loop="Y" totalframe="1" enable="Y" aid="240"/>
    <action id="hit.swf" name="Get hit" loop="Y" totalframe="1" enable="Y" aid="241"/>
    <motion id="hop.swf" name="Hop" loop="Y" totalframe="1" enable="Y" aid="242"/>
    <action id="back.swf" name="Gipsy from Back" loop="Y" totalframe="1" enable="Y" aid="243"/>
    <action id="pant.swf" name="Pant" loop="Y" totalframe="1" enable="Y" aid="244"/>
    <action id="talk.swf" name="Talk" loop="Y" totalframe="1" enable="Y" aid="245"/>
  </char>

<char sharing="0" money="0" aid="6055" is_premium="N" enable="Y" motion="walk.swf" default="standing.swf" facing="left" thumb="standing.swf" name="Happy Bunny2" id="happy_bunny">
<category name="cover">
<action aid="6058" enable="Y" name="ears" id="hands_to_ear.swf" totalframe="24" loop="Y"/>
<action aid="6059" enable="Y" name="nose" id="hands_to_nose.swf" totalframe="70" loop="Y"/>
<action aid="6060" enable="Y" name="mouth" id="hands_to_mouth.swf" totalframe="30" loop="Y"/>
</category>
<category name="emotion">
<action aid="6061" enable="Y" name="angry" id="angry.swf" totalframe="23" loop="Y"/>
<action aid="6062" enable="Y" name="happy" id="happy.swf" totalframe="19" loop="Y"/>
<action aid="6063" enable="Y" name="sad" id="sad.swf" totalframe="55" loop="Y"/>
<action aid="6064" enable="Y" name="cry" id="cry.swf" totalframe="60" loop="Y"/>
<action aid="6065" enable="Y" name="thinking" id="thinking.swf" totalframe="100" loop="Y"/>
<action aid="6066" enable="Y" name="surprised" id="surprised.swf" totalframe="40" loop="Y"/>
<action aid="6067" enable="Y" name="embarrassed" id="embarrassed.swf" totalframe="100" loop="Y"/>
<action aid="6068" enable="Y" name="laughing" id="laughing.swf" totalframe="6" loop="Y"/>
</category>
<category name="fight">
<action aid="6069" enable="Y" name="threaten with knife" id="threaten_with_knife.swf" totalframe="90" loop="Y"/>
<action aid="6070" enable="Y" name="hit with hammer" id="hit_with_hammer.swf" totalframe="40" loop="Y"/>
<action aid="6071" enable="Y" name="throw objects" id="throw.swf" totalframe="100" loop="Y"/>
<action aid="6072" enable="Y" name="knocked out" id="knocked_out.swf" totalframe="1" loop="Y"/>
<action aid="6073" enable="Y" name="get hit" id="get_hit.swf" totalframe="100" loop="Y"/>
</category>
<category name="misbehave">
<action aid="6074" enable="Y" name="fart" id="fart.swf" totalframe="50" loop="Y"/>
<action aid="6075" enable="Y" name="tag wall" id="tag_wall.swf" totalframe="126" loop="Y"/>
<action aid="6076" enable="Y" name="wear restraints" id="wear_restraints.swf" totalframe="78" loop="Y"/>
<action aid="6077" enable="Y" name="show butt" id="show_butt.swf" totalframe="8" loop="Y"/>
<action aid="6078" enable="Y" name="burp" id="burp.swf" totalframe="75" loop="Y"/>
<action aid="6079" enable="Y" name="throw up" id="throw_up.swf" totalframe="26" loop="Y"/>
</category>
<action aid="6056" enable="Y" name="standing" id="standing.swf" totalframe="1" loop="Y"/>
<motion aid="6057" enable="Y" name="walk" id="walk.swf" totalframe="12" loop="Y"/>
<action aid="6080" enable="Y" name="write" id="write.swf" totalframe="26" loop="Y"/>
<action aid="6081" enable="Y" name="make fun of" id="make_fun_of.swf" totalframe="37" loop="Y"/>
<action aid="6082" enable="Y" name="point at" id="point_at.swf" totalframe="30" loop="Y"/>
<action aid="6083" enable="Y" name="laugh at" id="laugh_at.swf" totalframe="7" loop="Y"/>
<action aid="6084" enable="Y" name="dance" id="dance.swf" totalframe="97" loop="Y"/>
<action aid="6085" enable="Y" name="play guitar" id="guitar.swf" totalframe="84" loop="Y"/>
<action aid="6086" enable="Y" name="sitting" id="sitting.swf" totalframe="1" loop="Y"/>
<action aid="6087" enable="Y" name="talk" id="talk.swf" totalframe="100" loop="Y"/>
<motion aid="6088" enable="Y" name="run" id="run.swf" totalframe="20" loop="Y"/>
<motion aid="6089" enable="Y" name="hop" id="hop.swf" totalframe="21" loop="Y"/>
<facial aid="6090" enable="Y" name="happy" id="head_happy.swf"/>
<facial aid="6091" enable="Y" name="angry" id="head_angry.swf"/>
<facial aid="6092" enable="Y" name="sad" id="head_sad.swf"/>
<facial aid="6093" enable="Y" name="cry" id="head_cry.swf"/>
<facial aid="6094" enable="Y" name="thinking" id="head_thinking.swf"/>
<facial aid="6095" enable="Y" name="shocked" id="head_shocked.swf"/>
<facial aid="6096" enable="Y" name="scared" id="head_scared.swf"/>
<facial aid="6097" enable="Y" name="laughing" id="head_laugh.swf"/>
<facial aid="6098" enable="Y" name="stick out tongue" id="head_stick_out_tongue.swf"/>
<facial aid="6099" enable="Y" name="evil look" id="head_evil_look.swf"/>
<facial aid="6100" enable="Y" name="knocked out" id="head_knocked_out.swf"/>
<facial aid="6101" enable="Y" name="sleeping" id="head_sleeping.swf"/>
<facial aid="6102" enable="Y" name="talk" id="head_talk.swf"/>
<facial aid="6103" enable="Y" name="talk angry" id="head_talk_angry.swf"/>
<facial aid="6104" enable="Y" name="talk happy" id="head_talk_happy.swf"/>
<action aid="6926" enable="Y" name="use slingshot" id="slingshot.swf" totalframe="38" loop="Y"/>
<action aid="6927" enable="Y" name="catch butterfly" id="catch_butterfly.swf" totalframe="91" loop="Y"/>
<action aid="6928" enable="Y" name="falling" id="falling.swf" totalframe="19" loop="Y"/>
<facial aid="8493" enable="Y" name="neutral" id="head_neutral.swf"/>

<colorset aid="6105" enable="Y">

<color r="hbskin">0xFFFFFF</color>

<color r="hbeye">0x006AB6</color>

<color r="hbnose">0xF175AD</color>

<color r="hbthumb">0xF175AD</color>

<color r="hbbelly">0xF8BDD7</color>

</colorset>


<colorset aid="6106" enable="Y">

<color r="hbskin">0xED1A29</color>

<color r="hbeye">0x000000</color>

<color r="hbnose">0x000000</color>

<color r="hbthumb">0xF176AD</color>

<color r="hbbelly">0xFFFFFF</color>

</colorset>


<colorset aid="6107" enable="Y">

<color r="hbskin">0xFFF200</color>

<color r="hbeye">0x000000</color>

<color r="hbnose">0xF175AD</color>

<color r="hbthumb">0xF176AD</color>

<color r="hbbelly">0xFFFFFF</color>

</colorset>


<colorset aid="6108" enable="Y">

<color r="hbskin">0x000000</color>

<color r="hbeye">0xEE1A24</color>

<color r="hbnose">0xF275AC</color>

<color r="hbthumb">0x000000</color>

<color r="hbbelly">0xEE1A24</color>

</colorset>


<colorset aid="6109" enable="Y">

<color r="hbskin">0xC39FCA</color>

<color r="hbeye">0x000000</color>

<color r="hbnose">0xE4028C</color>

<color r="hbthumb">0xE4028C</color>

<color r="hbbelly">0xFFFFFF</color>

</colorset>


<colorset aid="6110" enable="Y">

<color r="hbskin">0x00ADEF</color>

<color r="hbeye">0x000000</color>

<color r="hbnose">0xF173AD</color>

<color r="hbthumb">0xF176AD</color>

<color r="hbbelly">0xFFFFFF</color>

</colorset>


<colorset aid="6111" enable="Y">

<color r="hbskin">0xFAD1E3</color>

<color r="hbeye">0x000000</color>

<color r="hbnose">0xF173AD</color>

<color r="hbthumb">0xF176AD</color>

<color r="hbbelly">0xFFFFFF</color>

</colorset>


<c_parts>

<c_area>hbskin</c_area>

<c_area>hbeye</c_area>

<c_area>hbnose</c_area>

<c_area>hbthumb</c_area>

<c_area>hbbelly</c_area>

</c_parts>
</char>

<char id="guy01" name="Alpha Tom" thumb="stand01.swf" facing="left" default="stand01.swf" motion="walk.swf" enable="Y" is_premium="N" aid="15706" money="0" sharing="0">
<action id="stand01.swf" name="Stand" loop="Y" totalframe="60" enable="Y" aid="15707"/>
<action id="confused.swf" name="Confused" loop="Y" totalframe="60" enable="Y" aid="15708"/>
<action id="cross_arm.swf" name="Cross Arm" loop="Y" totalframe="60" enable="Y" aid="15709"/>
<action id="desperate.swf" name="Desperate" loop="Y" totalframe="60" enable="Y" aid="15710"/>
<action id="excited.swf" name="Excited" loop="Y" totalframe="60" enable="Y" aid="15711"/>
<action id="hello.swf" name="Greeting" loop="Y" totalframe="60" enable="Y" aid="15712"/>
<action id="idea.swf" name="Get an idea" loop="N" totalframe="60" enable="Y" aid="15713"/>
<action id="phone_a.swf" name="Tap on phone" loop="Y" totalframe="60" enable="Y" aid="15714"/>
<action id="phone_b.swf" name="Holding phone" loop="Y" totalframe="60" enable="Y" aid="15715"/>
<action id="phone_c.swf" name="Talk on phone" loop="Y" totalframe="60" enable="Y" aid="15716"/>
<action id="point_a.swf" name="Point A" loop="Y" totalframe="60" enable="Y" aid="15717"/>
<action id="point_b.swf" name="Point B" loop="Y" totalframe="60" enable="Y" aid="15718"/>
<action id="pose_a.swf" name="Pose A" loop="Y" totalframe="60" enable="Y" aid="15719"/>
<action id="pose_b.swf" name="Pose B" loop="Y" totalframe="60" enable="Y" aid="15720"/>
<action id="relax.swf" name="Relax" loop="Y" totalframe="60" enable="Y" aid="15721"/>
<action id="sick.swf" name="Sick" loop="Y" totalframe="60" enable="Y" aid="15722"/>
<action id="sit.swf" name="Sit" loop="Y" totalframe="60" enable="Y" aid="15723"/>
<action id="stand02.swf" name="Posing" loop="Y" totalframe="60" enable="Y" aid="15724"/>
<action id="talk.swf" name="Talk" loop="Y" totalframe="60" enable="Y" aid="15725"/>
<action id="thinking.swf" name="Thinking" loop="Y" totalframe="60" enable="Y" aid="15726"/>
<action id="time.swf" name="Look at watch" loop="Y" totalframe="60" enable="Y" aid="15727"/>
<action id="work01.swf" name="Work" loop="Y" totalframe="60" enable="Y" aid="15728"/>
<action id="work02.swf" name="Work cleared" loop="Y" totalframe="60" enable="Y" aid="15729"/>
<action id="sleep.swf" name="Tired" loop="Y" totalframe="60" enable="Y" aid="15730"/>
<action id="in_love.swf" name="Fall in love" loop="Y" totalframe="60" enable="Y" aid="15731"/>
<action id="get_noticed.swf" name="Get attention" loop="Y" totalframe="60" enable="Y" aid="15732"/>
<motion id="walk.swf" name="Walk" loop="Y" totalframe="60" enable="Y" aid="15733"/>
<motion id="run.swf" name="Run" loop="Y" totalframe="60" enable="Y" aid="15734"/>
<facial id="head_angry_front.swf" name="Face Camera - Angry" enable="Y" aid="15735"/>
<facial id="head_confused_front.swf" name="Face Camera - Confused" enable="Y" aid="15736"/>
<facial id="head_cry_front.swf" name="Face Camera - Cry" enable="Y" aid="15737"/>
<facial id="head_happy_front.swf" name="Face Camera - Happy" enable="Y" aid="15738"/>
<facial id="head_neutral_front.swf" name="Face Camera - Neutral" enable="Y" aid="15739"/>
<facial id="head_sad_front.swf" name="Face Camera - Sad" enable="Y" aid="15740"/>
<facial id="head_sick_front.swf" name="Face Camera - Sick" enable="Y" aid="15741"/>
<facial id="head_talk_front.swf" name="Face Camera - Talk" enable="Y" aid="15742"/>
<facial id="head_angry_side.swf" name="3/4 Front View - Angry" enable="Y" aid="15743"/>
<facial id="head_confused_side.swf" name="3/4 Front View - Confused" enable="Y" aid="15744"/>
<facial id="head_cry_side.swf" name="3/4 Front View - Cry" enable="Y" aid="15745"/>
<facial id="head_happy_side.swf" name="3/4 Front View - Happy" enable="Y" aid="15746"/>
<facial id="head_neutral_side.swf" name="3/4 Front View - Neutral" enable="Y" aid="15747"/>
<facial id="head_sad_side.swf" name="3/4 Front View - Sad" enable="Y" aid="15748"/>
<facial id="head_sick_side.swf" name="3/4 Front View - Sick" enable="Y" aid="15749"/>
<facial id="head_talk_side.swf" name="3/4 Front View - Talk" enable="Y" aid="15750"/>
<library type="mouth" path="001" theme_id="business"/>
</char>
<char id="guy18" name="Beta Tom" thumb="stand01.swf" facing="left" default="stand01.swf" motion="walk.swf" enable="Y" is_premium="N" aid="16530" money="0" sharing="0">
<action id="stand01.swf" name="Stand" loop="Y" totalframe="60" enable="Y" aid="16531"/>
<action id="confused.swf" name="Confused" loop="Y" totalframe="60" enable="Y" aid="16532"/>
<action id="cross_arm.swf" name="Cross Arm" loop="Y" totalframe="60" enable="Y" aid="16533"/>
<action id="desperate.swf" name="Desperate" loop="Y" totalframe="60" enable="Y" aid="16534"/>
<action id="excited.swf" name="Excited" loop="Y" totalframe="60" enable="Y" aid="16535"/>
<action id="hello.swf" name="Greeting" loop="Y" totalframe="60" enable="Y" aid="16536"/>
<action id="idea.swf" name="Get an idea" loop="N" totalframe="60" enable="Y" aid="16537"/>
<action id="phone_a.swf" name="Tap on phone" loop="Y" totalframe="60" enable="Y" aid="16538"/>
<action id="phone_b.swf" name="Holding phone" loop="Y" totalframe="60" enable="Y" aid="16539"/>
<action id="phone_c.swf" name="Talk on phone" loop="Y" totalframe="60" enable="Y" aid="16540"/>
<action id="point_a.swf" name="Point A" loop="Y" totalframe="60" enable="Y" aid="16541"/>
<action id="point_b.swf" name="Point B" loop="Y" totalframe="60" enable="Y" aid="16542"/>
<action id="pose_a.swf" name="Pose A" loop="Y" totalframe="60" enable="Y" aid="16543"/>
<action id="pose_b.swf" name="Pose B" loop="Y" totalframe="60" enable="Y" aid="16544"/>
<action id="relax.swf" name="Relax" loop="Y" totalframe="60" enable="Y" aid="16545"/>
<action id="sick.swf" name="Sick" loop="Y" totalframe="60" enable="Y" aid="16546"/>
<action id="sit.swf" name="Sit" loop="Y" totalframe="60" enable="Y" aid="16547"/>
<action id="stand02.swf" name="Posing" loop="Y" totalframe="60" enable="Y" aid="16548"/>
<action id="talk.swf" name="Talk" loop="Y" totalframe="60" enable="Y" aid="16549"/>
<action id="thinking.swf" name="Thinking" loop="Y" totalframe="60" enable="Y" aid="16550"/>
<action id="time.swf" name="Look at watch" loop="Y" totalframe="60" enable="Y" aid="16551"/>
<action id="work01.swf" name="Work" loop="Y" totalframe="60" enable="Y" aid="16552"/>
<action id="work02.swf" name="Work cleared" loop="Y" totalframe="60" enable="Y" aid="16553"/>
<action id="sleep.swf" name="Tired" loop="Y" totalframe="60" enable="Y" aid="16554"/>
<action id="in_love.swf" name="Fall in love" loop="Y" totalframe="60" enable="Y" aid="16555"/>
<action id="get_noticed.swf" name="Get attention" loop="Y" totalframe="60" enable="Y" aid="16556"/>
<motion id="walk.swf" name="Walk" loop="Y" totalframe="60" enable="Y" aid="16557"/>
<motion id="run.swf" name="Run" loop="Y" totalframe="60" enable="Y" aid="16558"/>
<facial id="head_angry_front.swf" name="Face Camera - Angry" enable="Y" aid="16559"/>
<facial id="head_confused_front.swf" name="Face Camera - Confused" enable="Y" aid="16560"/>
<facial id="head_cry_front.swf" name="Face Camera - Cry" enable="Y" aid="16561"/>
<facial id="head_happy_front.swf" name="Face Camera - Happy" enable="Y" aid="16562"/>
<facial id="head_neutral_front.swf" name="Face Camera - Neutral" enable="Y" aid="16563"/>
<facial id="head_sad_front.swf" name="Face Camera - Sad" enable="Y" aid="16564"/>
<facial id="head_sick_front.swf" name="Face Camera - Sick" enable="Y" aid="16565"/>
<facial id="head_talk_front.swf" name="Face Camera - Talk" enable="Y" aid="16566"/>
<facial id="head_angry_side.swf" name="3/4 Front View - Angry" enable="Y" aid="16567"/>
<facial id="head_confused_side.swf" name="3/4 Front View - Confused" enable="Y" aid="16568"/>
<facial id="head_cry_side.swf" name="3/4 Front View - Cry" enable="Y" aid="16569"/>
<facial id="head_happy_side.swf" name="3/4 Front View - Happy" enable="Y" aid="16570"/>
<facial id="head_neutral_side.swf" name="3/4 Front View - Neutral" enable="Y" aid="16571"/>
<facial id="head_sad_side.swf" name="3/4 Front View - Sad" enable="Y" aid="16572"/>
<facial id="head_sick_side.swf" name="3/4 Front View - Sick" enable="Y" aid="16573"/>
<facial id="head_talk_side.swf" name="3/4 Front View - Talk" enable="Y" aid="16574"/>
<library type="mouth" path="001" theme_id="business"/>
</char>



  <background name="Enterprize Command Room" id="test1.swf" sharing="0" money="0" aid="12448" is_premium="N" default="N" enable="Y"/>
  <background name="Enterprize Teleporter Room" id="test2.swf" sharing="0" money="0" aid="12448" is_premium="N" default="N" enable="Y"/>
  <background name="Starfield" id="test3.swf" sharing="0" money="0" aid="12448" is_premium="N" default="N" enable="Y"/>
  <background name="Outerspace" id="test4.swf" sharing="0" money="0" aid="12448" is_premium="N" default="N" enable="Y"/>
  <background name="Star Wars Logo Scroll" id="logoAnimated.swf" sharing="0" money="0" aid="12448" is_premium="N" default="N" enable="Y"/>
  <background name="Romulan Bridge" id="romulan_bridge.swf" sharing="0" money="0" aid="12448" is_premium="N" default="N" enable="Y"/>
  <background name="solarbaby" id="solarbaby.swf" sharing="0" money="0" aid="12448" is_premium="N" default="N" enable="Y"/>
  <background name="SOLARBABY" id="SOLARBABEY.swf" sharing="0" money="0" aid="12448" is_premium="N" default="N" enable="Y"/>
   <prop id="back.swf" name="Background" holdable="0" placeable="1" facing="left" thumb="" enable="Y" is_premium="N" aid="1030" money="0" sharing="0"/>
   <prop id="knife.swf" name="Knife" holdable="1" placeable="1" facing="left" thumb="" enable="Y" is_premium="N" aid="1030" money="0" sharing="0"/>
   <prop id="piss.swf" name="Pissed Meal" holdable="1" placeable="1" facing="left" thumb="" enable="Y" is_premium="N" aid="1030" money="0" sharing="0"/>
   <prop id="hammer.swf" name="Happy Bunny's Hammer" holdable="1" placeable="1" facing="left" thumb="" enable="Y" is_premium="N" aid="1030" money="0" sharing="0"/>
    <prop id="msp_chair" name="Chair" holdable="0" placeable="1" facing="left" thumb="test.swf" enable="Y" is_premium="N" aid="1038" money="0" sharing="0">
      <state id="front.swf" name="Front" enable="Y" default="Y"/>
      <state id="side.swf" name="Side-ish" enable="Y"/>
    </prop>
     <prop id="msp_zap_switch_dangerous_box_closed" name="Dangerous Box" holdable="0" placeable="1" facing="left" thumb="msp_zap_switch_dangerous_box_closed.swf" enable="Y" is_premium="N" aid="1038" money="0" sharing="0">
        <state id="msp_zap_switch_dangerous_box_closed.swf" name="Closed" enable="Y" default="Y"/>
        <state id="msp_zap_switch_dangerous_box_opening.swf" name="Opening" enable="Y"/>
        <state id="msp_zap_switch_dangerous_box_open.swf" name="Open" enable="Y"/>
    </prop>
    <prop id="test3.swf" name="Center" holdable="0" placeable="1" facing="left" thumb="" enable="Y" is_premium="N" aid="1039" money="0" sharing="0"/>
    <prop id="test4.swf" name="Table" holdable="0" placeable="1" facing="left" thumb="test.swf" enable="Y" is_premium="N" aid="1038" money="0" sharing="0"/>
  <prop id="comingsoon.swf" name="Coming Soon..." holdable="0" placeable="1" wearable="0" facing="left" thumb="" enable="Y" is_premium="N" aid="1031" money="0" sharing="0"/>
  <prop id="logo.swf" name="Happy Bunny Logo" holdable="0" placeable="1" wearable="0" facing="left" thumb="" enable="Y" is_premium="N" aid="1032" money="0" sharing="0"/>
 <prop id="logo2.swf" name="Happy Bunny Logo 2" holdable="0" placeable="1" wearable="0" facing="left" thumb="" enable="Y" is_premium="N" aid="1033" money="0" sharing="0"/>
  <prop id="unkown.swf" name="Happy Bunny Logo 3" holdable="0" placeable="1" wearable="0" facing="left" thumb="" enable="Y" is_premium="N" aid="1034" money="0" sharing="0"/>
  <prop id="unkown2.swf" name="Bunny Head" holdable="0" placeable="1" wearable="0" facing="left" thumb="" enable="Y" is_premium="N" aid="1035" money="0" sharing="0"/>
  <prop id="unkown3.swf" name="Chick Crossing" holdable="0" placeable="1" wearable="0" facing="left" thumb="" enable="Y" is_premium="N" aid="1036" money="0" sharing="0"/>
  <prop id="watermark.swf" name="Watermark" holdable="0" placeable="1" wearable="0" facing="left" thumb="" enable="Y" is_premium="N" aid="1037" money="0" sharing="0"/>
  <effect id="dim.swf" type="ANIME" resize="false" move="false" name="Dim" enable="Y" is_premium="N" aid="1216" money="0" sharing="0" display_order="0"/>
  <effect id="spraypaint.swf" type="ANIME" resize="false" move="false" name="Spraypaint" enable="Y" is_premium="N" aid="1217" money="0" sharing="0" display_order="0"/>
  </theme>
